ID,Original,Normalized
1,127.3,0.0985361
2,142.5,1.84195
3,124.8,-0.188209
4,119.6,-0.784639
5,141.5,1.72725
6,114.8,-1.33519
7,128.4,0.224704
8,113.1,-1.53018
9,129.3,0.327932
10,123,-0.394666
11,130.6,0.47704
12,119.3,-0.819048
13,130.2,0.43116
14,111.8,-1.67928
15,137.1,1.22258
16,120.7,-0.658471
17,137.4,1.25699
18,127.3,0.0985361
19,136.3,1.13082
20,124.6,-0.211149
21,120.3,-0.70435
22,121.8,-0.532303
