ID,Original,Normalized
1,127.3,0.504886
2,142.5,1
3,124.8,0.423453
4,119.6,0.254072
5,141.5,0.967427
6,114.8,0.0977199
7,128.4,0.540717
8,113.1,0.0423453
9,129.3,0.570033
10,123,0.364821
11,130.6,0.612378
12,119.3,0.2443
13,130.2,0.599349
14,111.8,0
15,137.1,0.824104
16,120.7,0.289902
17,137.4,0.833876
18,127.3,0.504886
19,136.3,0.798046
20,124.6,0.416938
21,120.3,0.276873
22,121.8,0.325733
